Date,Open,High,Low,Close,Volume,MA_10,MA_30,K,D,covid
2020-02-03,11365.90039,11365.90039,11138.03027,11354.91992,3472200.0,11895.744920999972,11947.309960666644,10.78541882869809,23.91020010614953,0
2020-02-04,11399.45996,11581.36035,11393.03027,11555.91992,2731100.0,11848.871873999975,11942.48164033331,24.37491220188018,19.86887132004815,1
2020-02-05,11601.54981,11620.41992,11512.70996,11573.62012,2624400.0,11794.891893999975,11933.721646999975,39.13886490340565,24.76639864466162,0
2020-02-06,11605.11035,11749.67969,11605.11035,11749.67969,2305400.0,11751.878905999973,11927.786620999976,65.338066760263,42.950614621849915,5
2020-02-07,11712.70996,11712.70996,11592.08984,11612.80957,2182700.0,11703.971874999976,11916.887955666643,77.4667215061822,60.6478843899506,0
2020-02-10,11514.71973,11598.03027,11423.33984,11574.07031,2328300.0,11654.685936999975,11899.456640333308,76.12804232111891,72.97761019585502,2
2020-02-11,11614.25,11678.58008,11614.25,11664.04004,1845400.0,11612.060936999973,11887.627961999973,67.38055101719134,73.6584382814978,0
2020-02-12,11693.40039,11801.51953,11693.40039,11774.19043,2120500.0,11577.608983999973,11881.464973666643,72.43079500062406,71.97979611297842,0
2020-02-13,11813.5,11854.98047,11784.94043,11791.78027,2132400.0,11614.612987999973,11873.783300333309,83.96306153011389,74.59146918264341,0
2020-02-14,11806.51953,11840.79004,11788.87012,11815.7002,1697100.0,11646.673046999973,11868.427310999974,89.6771443865249,82.02366697242127,0
2020-02-17,11770.29981,11775.55957,11724.82031,11763.50977,1837200.0,11687.532031999974,11860.273307333306,79.42025864132832,84.35348818598935,4
2020-02-18,11700.91016,11717.09961,11642.9502,11648.98047,1882600.0,11696.838086999973,11848.538997333306,51.91556431383412,73.67098911389607,0
2020-02-19,11655.37012,11783.42969,11654.16016,11758.83984,2169000.0,11715.360058999973,11837.44733066664,39.83467956789936,57.056834174354236,2
2020-02-20,11785.78027,11827.83008,11714.15039,11725.08984,2035400.0,11712.901073999974,11826.504654666644,33.00647721173774,41.585573697824046,0
2020-02-21,11721.16016,11755.16992,11661.62988,11686.34961,1952700.0,11720.255077999973,11816.14498666664,39.88325104375526,37.57480260779776,0
2020-02-24,11615.28027,11615.28027,11512.08008,11534.87012,2347100.0,11716.335058999974,11797.291308333306,24.07012697671567,32.319951744069854,6
2020-02-25,11506.74023,11567.08984,11415.46973,11540.23047,2158400.0,11703.954101999972,11778.284667666641,20.315800425086238,28.089726148519357,1
2020-02-26,11433.62012,11433.62012,11433.62012,11433.62012,2640000.0,11669.897070999974,11760.959993333303,13.958201187871973,19.44804286322493,1
2020-02-27,11436.95996,11470.23047,11274.51953,11292.16992,3360600.0,11619.936035999974,11741.354980333306,12.776348063014169,15.683449891991096,0
2020-03-02,11184.66016,11282.04981,11049.84961,11170.45996,3204100.0,11555.412011999975,11719.800325333308,9.801493073991619,12.17868077495956,9
2020-03-03,11279.86035,11390.24023,11279.86035,11327.71973,2572300.0,11511.833007999972,11698.369986999976,26.241523480976753,16.273121539327818,1
2020-03-04,11368.25,11392.34961,11297.80957,11392.34961,2245300.0,11486.169921999975,11677.293294333303,52.17537316171323,29.406129905560842,0
2020-03-05,11454.65039,11525.32031,11454.65039,11514.82031,2291000.0,11461.767968999975,11657.339973999973,77.66235860665655,52.02641841644915,2
2020-03-06,11471.36035,11471.36035,11310.32031,11321.80957,2518500.0,11421.439941999974,11628.739973999973,78.8211493609389,69.55296037643653,1
2020-03-09,11221.75977,11221.75977,10977.63965,10977.63965,3897400.0,11350.568945999974,11591.59863299997,51.6632367322178,69.3822482332714,0
2020-03-10,10907.62012,11032.46973,10830.21973,11003.54004,3544100.0,11297.435937999973,11556.152311333302,27.37753791682759,52.62064133666174,2
2020-03-11,11022.82031,11088.23047,10885.91016,10893.75,2804700.0,11232.787890999973,11516.267643333304,11.358096310800596,30.13295698661564,1
2020-03-12,10845.38965,10845.38965,10359.66992,10422.32031,4844200.0,11131.657909999973,11459.721321666635,13.236628568502312,17.324087598710474,1
2020-03-13,10091.03027,10171.2002,9636.150391,10128.87012,5906200.0,11015.327929999974,11416.625651333303,15.283263756311975,13.292662878538598,1
2020-03-16,10069.41992,10130.79981,9717.769531,9717.769531,3783600.0,10870.058887099973,11357.381315366636,14.11030360656792,14.21006531046104,17
2020-03-17,9538.639648,9677.070313,9371.349609,9439.629883,4504100.0,10681.249902399974,11293.5383141333,13.557436504226851,14.317001289035886,10
2020-03-18,9453.980469,9509.610352,9218.669922,9218.669922,3991000.0,10463.881933599972,11215.629980866634,3.1992794548375363,10.28900652187774,23
2020-03-19,9085.280273,9085.280273,8523.629883,8681.339844,5702600.0,10180.533886999972,11119.220638333301,4.516423477331505,7.091046478798937,8
2020-03-20,8816.860352,9264.419922,8816.860352,9234.089844,4683400.0,9971.761914399973,11035.367643466634,17.925975987601074,8.547226306590344,27
2020-03-23,9025.549805,9029.519531,8750.139648,8890.030273,136500.0,9763.000976699974,10944.608333566635,28.5145993925682,16.9856662858339,60
2020-03-24,9083.780273,9415.639648,9083.780273,9285.620117,2920600.0,9591.208984399971,10868.326660466635,51.084670280964424,32.508415220378204,21
2020-03-25,9426.429688,9722.370117,9426.429688,9644.75,3565400.0,9466.308984399971,10801.016992466635,67.52440570918911,49.041225127574215,19
2020-03-26,9667.139648,9739.730469,9565.019531,9736.360352,2795400.0,9397.712988599971,10733.089323199969,90.15559676596772,69.58822425204072,17
2020-03-27,9807.900391,9954.860352,9691.139648,9698.919922,3349400.0,9354.717968799974,10663.327311599971,90.64650293984889,82.77550180500221,15
2020-03-30,9571.219727,9655.700195,9415.519531,9629.429688,2274000.0,9345.883984499975,10590.451627866634,80.35173557382456,87.05127842654736,39
2020-03-31,9689.620117,9789.80957,9630.299805,9708.05957,2882300.0,9372.726953199974,10521.936621199968,65.212018619353,78.73675237767576,16
2020-04-01,9726.200195,9736.0,9663.629883,9663.629883,2434800.0,9417.222949299974,10455.75826829997,54.294455514763605,66.61940323598068,7
2020-04-06,9707.75,9818.740234,9651.519531,9818.740234,2987300.0,9530.962988299974,10391.0882814333,58.3348572460455,59.28044379338766,44
2020-04-07,9928.160156,10039.15039,9928.160156,9996.389648,3205000.0,9607.192968699974,10333.464941699965,71.30251331591319,61.31060869224106,3
2020-04-08,10010.63965,10149.75977,9984.660156,10137.46973,3117000.0,9731.936914399974,10281.835612366634,88.51303226508966,72.71680094234974,3
2020-04-09,10173.25977,10246.83984,10092.36035,10119.42969,3058700.0,9815.317871699974,10234.654264699968,89.79179507877295,83.20244688659224,1
2020-04-10,10105.42969,10165.12012,10103.76953,10157.61035,2365200.0,9866.603906699975,10188.566927366635,87.08121346037683,88.46201360141346,2
2020-04-13,10147.55957,10179.40039,10080.65039,10099.21973,2456300.0,9902.889844499974,10144.086914366635,72.4290522115824,83.10068691691104,11
2020-04-14,10130.65039,10344.12988,10130.65039,10332.94043,2847000.0,9966.291895299972,10112.112598033302,78.52544673054182,79.34523746750067,0
2020-04-15,10366.76953,10461.83984,10366.76953,10447.20996,3333800.0,10048.069922499972,10088.004264699968,82.24228973294807,77.73226289169106,2
2020-04-16,10385.78027,10425.29004,10317.12988,10375.48047,2770300.0,10114.812012499971,10056.262956033304,90.13134770958679,83.63302805769253,0
2020-04-17,10554.54981,10710.15039,10552.58008,10597.04004,3725200.0,10208.153028199971,10029.752637033302,85.17950813361126,85.85104852538235,0
2020-04-20,10612.4502,10637.63965,10542.95996,10586.70996,2298700.0,10284.950000799974,9998.815625366637,79.35842788629296,84.88976124316396,27
2020-04-21,10544.79981,10544.79981,10278.9502,10288.41992,3392700.0,10314.153027999975,9964.36930369997,54.30888351552494,72.94893984514336,3
2020-04-22,10256.11035,10310.84961,10140.08984,10307.74023,2531000.0,10331.180077999974,9942.039323033305,36.76805331227384,56.81178823803089,1
2020-04-23,10370.12988,10462.7002,10294.87988,10366.50977,2633300.0,10355.888085999974,9920.804980699972,23.774643768178645,38.283860198659454,1
2020-04-24,10367.96973,10386.92969,10324.2002,10347.36035,2400100.0,10374.863085999974,9902.591992366635,36.92868125624037,32.4904594455646,1
2020-04-27,10407.49023,10578.95996,10407.49023,10567.26953,3281100.0,10421.668065999975,9907.423633033302,59.57102084610028,40.09144862350674,1
2020-04-28,10580.25,10620.51953,10537.70996,10616.05957,3260300.0,10449.979979999976,9923.663281366637,79.35538657425079,58.61836289219745,0
2020-04-29,10656.40039,10794.83008,10656.40039,10772.21973,3529100.0,10482.480956999974,9958.811621333305,97.29513201926537,78.74051314653913,0
2020-04-30,10826.25977,11012.78027,10826.25977,10992.13965,3909100.0,10544.146874999971,10010.561946899972,97.18386315149462,91.27812724833723,0
2020-05-04,10781.50977,10781.50977,10658.5,10720.48047,3113100.0,10556.490917999974,10060.622298499971,81.39635037078061,91.95844851384716,9
2020-05-05,10756.9502,10833.53027,10735.00977,10774.61035,2817200.0,10575.280956999975,10130.397982033306,66.19265219878764,81.59095524035459,0
2020-05-06,10771.08984,10828.73047,10708.09961,10774.98047,3137600.0,10623.937011999975,10181.761002899972,44.949675060257114,64.1795592099421,1
2020-05-07,10778.53027,10890.87012,10775.16016,10842.91992,2849600.0,10677.454980999975,10246.857324466639,45.064900143188744,52.06907580074481,1
2020-05-08,10883.21973,10970.7002,10883.21973,10901.41992,3169900.0,10730.945995999975,10300.717317899971,54.379112217073384,48.13122914017339,0
2020-05-11,10942.17969,11039.11035,10942.17969,11013.25977,3370600.0,10797.535937999975,10346.334310233306,74.01808045380717,57.820697604690075,0
2020-05-12,10974.50977,10974.50977,10854.50977,10879.46973,3047800.0,10828.755957999974,10384.437956166641,73.92373402226727,67.44030889771625,0
2020-05-13,10861.00977,10938.26953,10828.92969,10938.26953,2677400.0,10860.976953999974,10425.74960976664,68.58589743273546,72.17590396960361,0
2020-05-14,10894.16992,10894.16992,10777.45996,10780.87988,3054300.0,10861.842968999976,10464.131282833308,38.29144629995621,60.267025918319966,0
2020-05-15,10833.16016,10904.00977,10730.54981,10814.91992,2749400.0,10844.120995999976,10501.02662783331,30.14856624333076,45.675303325341126,0
2020-05-18,10753.20996,10812.87012,10730.7002,10740.54981,2716100.0,10846.127929999975,10536.923958733309,10.916406845443824,26.45213979624392,0
2020-05-19,10812.79004,10924.79004,10812.79004,10860.44043,3048200.0,10854.710937999975,10571.647298599975,31.32461277655477,24.1298619551101,0
2020-05-20,10892.75977,10933.98047,10860.15039,10907.79981,2731300.0,10867.992871999975,10602.027637333307,51.25371128773509,31.164910303244877,0
2020-05-21,10933.20996,11021.66016,10933.20996,11008.30957,2787700.0,10884.531836999975,10631.055631999974,81.69200267937174,54.75677558122086,1
2020-05-22,10977.54981,10977.54981,10804.55957,10811.15039,2923700.0,10875.504883999976,10654.11298866664,70.06475034113085,67.67015476941287,0
2020-05-25,10812.94043,10874.54004,10719.25,10871.17969,2222100.0,10861.296875999975,10677.898633333309,57.76781233752604,69.84152178600985,0
2020-05-26,10903.32031,11046.21973,10903.32031,10997.20996,2886300.0,10873.070898999975,10707.831640999975,54.300148255959776,60.710903644872545,0
2020-05-27,11023.92969,11069.71973,10972.25,11014.66016,2794500.0,10880.709961999975,10730.555631999974,73.18010187945576,61.7493541576475,0
2020-05-28,11040.62012,11087.53027,10915.29981,10944.19043,3122300.0,10897.041016999974,10747.12164766664,76.7930977224441,68.0911159526202,0
2020-05-29,10921.16016,10965.03027,10861.90039,10942.16016,3589800.0,10909.765040999971,10766.010970666639,68.63189772651863,72.86836577613981,0
2020-06-01,10971.40039,11109.29004,10971.40039,11079.01953,2655700.0,10943.612012999974,10782.076953666641,69.7899832765166,71.73832624182675,2
2020-06-02,11109.26953,11170.49023,11102.96973,11127.92969,2754300.0,10970.360938999975,10800.117611333308,78.1664686562692,72.1961165531018,0
2020-06-03,11182.51953,11330.51953,11182.51953,11320.16016,3776100.0,11011.596973999976,10834.50895266664,90.58715821979695,79.5145367175279,0
2020-06-04,11373.94043,11425.41992,11341.58008,11393.23047,3539700.0,11050.089063999972,10870.691960666642,92.76174124973488,87.17178937526735,0
2020-06-05,11418.00977,11482.36035,11411.94043,11479.40039,3400800.0,11116.914063999975,10907.78831466664,97.16595816629723,93.50495254527668,0
2020-06-08,11539.0,11631.88965,11528.44043,11610.32031,3822500.0,11190.828125999975,10949.886979999976,96.54349775874095,95.490399058258,0
2020-06-09,11600.61035,11640.4502,11537.37988,11637.11035,3023600.0,11254.818164999975,10985.54834066664,98.20445783094476,97.30463791866129,0
2020-06-10,11635.99023,11740.90039,11621.01953,11720.16016,3477600.0,11325.368164999973,11022.35169366664,96.66626144680124,97.13807234549594,0
2020-06-11,11738.49023,11771.12012,11516.58984,11535.76953,4457500.0,11384.526074999976,11047.80335366664,76.18410371137935,90.35160766304209,0
2020-06-12,11406.54004,11442.29981,11244.63965,11429.94043,3367500.0,11433.304101999976,11062.396712999973,54.825927334682405,75.89209749762132,0
2020-06-15,11436.28027,11469.83984,11299.4502,11306.25977,3034000.0,11456.028125999976,11081.92268966664,27.125275243359766,52.711768763140824,0
2020-06-16,11380.66992,11542.25,11380.66992,11511.63965,2915500.0,11494.399121999975,11106.490332999972,32.53814270957991,38.163115095874346,2
2020-06-17,11525.5,11550.32031,11482.32031,11534.58984,3138800.0,11515.842089999976,11131.810645333311,39.16386553395488,32.942427828965165,0
2020-06-18,11534.2002,11567.41992,11485.38965,11548.33008,3404900.0,11531.352050999976,11155.324317333308,66.62441515723222,46.108807800255995,1
2020-06-19,11557.26953,11584.87988,11542.37012,11549.86035,4580400.0,11538.398046999975,11176.938998333306,78.96335220518614,61.58387763212473,0
2020-06-22,11553.91016,11632.87988,11553.91016,11572.92969,2950700.0,11534.658984999976,11195.594662333307,86.01559971729273,77.201122359904,0
2020-06-23,11618.41992,11679.40039,11530.84961,11612.36035,3057500.0,11532.183984999978,11220.02434966664,76.64811338543312,80.54235510263764,0
2020-06-24,11647.86035,11701.23047,11637.79004,11660.66992,2861900.0,11526.234960999976,11244.104362666641,74.4738387098717,79.04585060419949,0
2020-06-29,11608.79981,11608.79981,11500.65039,11542.62012,2922300.0,11526.920019999976,11269.495703999974,56.038548687681434,69.05350026099572,1
2020-06-30,11563.59961,11638.0,11563.59961,11621.24023,2935300.0,11546.049999999976,11296.373047666635,54.0842806353483,61.53222267763412,0
2020-07-01,11622.63965,11736.38965,11622.63965,11703.41992,2868400.0,11585.766014999976,11328.468717999973,55.68634883584193,55.26972605295754,0
2020-07-02,11694.09961,11805.20996,11690.9502,11805.13965,3060100.0,11615.116014999972,11359.958691999973,82.0372613978126,63.93596362300125,1
2020-07-03,11857.90039,11933.58984,11857.90039,11909.16016,3536100.0,11652.573046999973,11393.337370333304,93.44949677471097,77.05770233612212,1
2020-07-06,11941.83984,12116.7002,11941.83984,12116.7002,4451500.0,11709.410058999976,11430.28372466664,98.11138890078264,91.19938235776905,0
2020-07-07,12176.79004,12249.9502,12028.57031,12092.96973,4263000.0,11763.720996999975,11473.011035999973,89.77762978852915,93.77950515467457,0
2020-07-08,12086.12988,12190.26953,12083.83984,12170.19043,3598500.0,11823.447070999975,11516.311393999973,86.90244723254355,91.59715530728545,0
2020-07-09,12222.90039,12273.42969,12181.33984,12192.69043,3882900.0,11881.480078999975,11556.160742999973,80.42562678530508,85.70190126879292,0
2020-07-10,12250.44043,12253.58008,12030.2002,12073.67969,4166700.0,11922.781055999973,11591.461393999973,68.68705358252231,78.67170920012397,2
2020-07-13,12109.61035,12216.24023,12109.61035,12211.55957,3558300.0,11989.675000999972,11633.707031999973,65.02061437834169,71.37776491539002,0
2020-07-14,12202.88965,12228.30957,12143.91016,12209.00977,3333000.0,12048.451954999975,11675.935352333303,62.66902069427283,65.45889621837928,0
2020-07-15,12233.99023,12320.48047,12162.51953,12202.84961,3905800.0,12098.394923999975,11713.396354999973,69.24131429499808,65.64364978920452,0
2020-07-16,12173.04004,12220.92969,12107.04004,12157.74023,3196600.0,12133.654981999976,11747.72337299997,58.9761378854957,63.62882429158918,1
2020-07-17,12195.71973,12266.92969,12144.62012,12181.55957,3396200.0,12160.894922999973,11776.436686666635,46.10905287136606,58.10883501728693,2
2020-07-20,12205.25,12221.33008,12065.79981,12174.54004,2819300.0,12166.678906999972,11802.48033899997,40.515685887833115,48.53362554823194,1
2020-07-21,12242.32031,12450.16016,12242.32031,12397.54981,3529000.0,12197.136914999974,11833.085319666636,54.64081081764249,47.08851652561422,0
2020-07-22,12389.75977,12486.9502,12389.40039,12473.26953,3424000.0,12227.444824999973,11861.850293666635,75.25350832223721,56.80333500923794,0
2020-07-23,12423.01953,12429.75977,12347.86035,12413.04004,3426700.0,12249.479785999973,11887.714616666635,88.50474648451019,72.79968854146362,0
2020-07-24,12467.42969,12502.83984,12266.54981,12304.04004,3996200.0,12272.515820999974,11907.177279333304,77.90474278625761,80.55433253100199,3
2020-07-27,12618.69043,12686.36035,12586.91016,12588.29981,3687300.0,12310.189844999974,11942.26162199997,71.62630586251736,79.3452650444287,4
2020-07-28,12951.71973,13031.7002,12533.19043,12586.73047,4457700.0,12347.961914999973,11980.82128999997,58.091320237193536,69.20745629532315,5
2020-07-29,12530.74023,12660.87012,12488.00977,12540.96973,3067000.0,12381.773926999973,12021.978288666638,51.87552446357642,60.53105018776277,0
2020-07-30,12691.86035,12769.46973,12616.83008,12722.91992,3244900.0,12438.291895999973,12062.354297666638,45.784929069085855,51.9172579232856,0
2020-07-31,12653.45996,12733.48047,12635.70996,12664.79981,3171700.0,12486.615919999973,12100.027963333303,42.675335207519424,46.778596246727574,0
2020-08-03,12642.73047,12673.01953,12506.58984,12513.03027,3391600.0,12520.464942999974,12132.184636333306,32.2543822296748,40.23821550209369,8
2020-08-04,12577.87988,12709.91992,12577.87988,12709.91992,3465700.0,12551.701953999973,12170.85328866664,38.65372578596856,37.861147741054594,1
2020-08-05,12762.33984,12816.38965,12739.99023,12802.29981,3917200.0,12584.604981999973,12211.83229266664,59.63215251078327,43.513420175475886,1
2020-08-06,12894.24023,12971.87012,12851.2002,12913.5,4098100.0,12634.65097799997,12255.203614333306,87.24977658295677,61.84521829323654,0
2020-08-07,12901.42969,12912.62988,12791.17969,12828.87012,3831300.0,12687.133985999973,12294.143620999974,84.05754596152526,76.9798250184221,0
2020-08-10,12786.79981,12933.16016,12786.79981,12894.0,3952000.0,12717.704004999972,12339.189616999973,78.98540170940163,83.43090808462824,0
2020-08-11,12856.45996,12906.00977,12780.19043,12780.19043,3726400.0,12737.050000999972,12377.821290333308,55.61266844926829,72.88520537339873,0
2020-08-12,12713.62988,12730.95996,12625.54004,12670.34961,3440300.0,12749.987988999974,12410.052279999973,36.83685603709178,57.14497539858757,4
2020-08-13,12758.87012,12812.79981,12717.12988,12763.12988,3631900.0,12754.008984999973,12441.985287666641,25.000746334211268,39.15009027352411,0
2020-08-14,12709.96973,12801.30957,12679.19043,12795.45996,3896200.0,12767.074999999973,12471.528614333309,37.63417475803559,33.157259043113214,0
2020-08-17,12813.94043,12956.11035,12800.69043,12956.11035,4310300.0,12811.383007999973,12499.508952666638,66.65470819442288,43.09654309555691,4
2020-08-18,12974.95996,12981.58008,12840.25,12872.13965,3911700.0,12827.604980999973,12525.481283333304,74.8328988349486,59.70726059580269,1
2020-08-19,12904.83984,12950.11035,12778.63965,12778.63965,4459400.0,12825.238964999973,12545.762923999973,67.38317860550767,69.62359521162671,0
2020-08-20,12764.75,12764.75,12144.75977,12362.63965,6063400.0,12770.152929999973,12551.427897999973,42.72872481163798,61.648267417365076,0
2020-08-21,12462.51953,12638.65039,12462.51953,12607.83984,3778800.0,12748.049901999973,12569.233236333303,38.087488155258285,49.39979719080164,1
2020-08-24,12629.78027,12702.94043,12567.9502,12647.12988,3397300.0,12723.362889999973,12583.752246666641,47.1359679754107,42.65072698076932,0
2020-08-25,12706.40039,12814.55957,12698.84961,12758.25,3891600.0,12721.168846999974,12602.060254333306,63.849352179437886,49.690936103369296,0
2020-08-26,12768.95996,12833.29004,12734.69043,12833.29004,3413200.0,12737.462889999973,12623.074935333309,78.73666771316337,63.240662622670975,0
2020-08-27,12888.65039,12960.67969,12786.4502,12797.30957,4956500.0,12740.880858999973,12644.393913333306,81.1273644120521,74.57112810155145,0
2020-08-28,12759.29981,12799.16016,12674.57031,12728.84961,3774200.0,12734.219823999973,12662.636914666638,69.39160929149827,76.4185471389049,0
2020-08-31,12763.44043,12831.37988,12591.4502,12591.4502,4820400.0,12697.753808999973,12676.533919999973,36.05827595816493,62.19241655390544,1
2020-09-01,12617.38965,12703.28027,12565.83008,12703.28027,4070500.0,12680.867870999973,12686.724935333306,25.260098658140524,43.569994635934904,0
2020-09-02,12772.42969,12802.61035,12646.46973,12699.5,3968600.0,12672.953905999973,12694.265950999974,22.888048439505862,28.06880768527078,1
2020-09-03,12774.96973,12857.79004,12732.32031,12757.96973,5711400.0,12712.486913999974,12705.763607333309,44.824806479889105,30.990984525845505,0
2020-09-04,12645.91992,12655.66992,12559.78027,12637.9502,5122000.0,12715.497949999974,12716.893945999976,41.96476982997646,36.55920824979082,1
2020-09-07,12645.92969,12725.04981,12575.36035,12601.40039,5406000.0,12710.925000999972,12717.330631999976,35.33565320635913,40.70840983874191,4
2020-09-08,12637.41992,12702.54981,12614.71973,12663.55957,4243200.0,12701.455957999973,12719.891601999976,25.006937412375933,34.10245348290418,1
2020-09-09,12592.17969,12616.57031,12480.5,12608.58008,4223700.0,12678.984961999973,12722.145280333309,27.57917704404345,29.307255887593175,0
2020-09-10,12665.74023,12708.63965,12650.40039,12691.75,4738300.0,12668.429004999973,12721.106282999974,51.7182418779729,34.768118778131104,1
2020-09-11,12697.45996,12701.79004,12616.67969,12675.9502,4644800.0,12663.13906399997,12721.47796266664,66.75101634971581,48.682811757244394,2
2020-09-14,12680.41016,12793.07031,12680.41016,12787.82031,3515300.0,12682.77607499997,12730.63763066664,88.20868263326902,68.8926469536529,1
2020-09-15,12787.41992,12857.73047,12773.23047,12845.65039,3475900.0,12697.01308699997,12735.161979666644,91.6801734862337,82.21329082307318,0
2020-09-16,12989.80957,13021.67969,12948.71973,12976.75977,3609400.0,12724.73906399997,12740.977311666644,94.67557734422243,91.52147782124204,1
2020-09-17,12920.15039,12972.51953,12851.51953,12872.74023,3259900.0,12736.21611399997,12739.61865266664,82.9770596074966,89.77760347931792,3
2020-09-18,12858.59961,12927.80957,12841.08984,12875.62012,3858100.0,12759.98310599997,12741.176985999975,69.77819887966581,82.47694527712859,0
2020-09-21,12874.61035,12952.30957,12795.08984,12795.12012,3612600.0,12779.355078999974,12737.880989999972,43.07881585931303,65.27802478215882,6
2020-09-22,12786.91016,12786.91016,12632.74023,12645.50977,3420700.0,12777.550098999973,12733.391634666641,23.09826398109253,45.31842624002414,0
2020-09-23,12656.29981,12700.88965,12548.07031,12583.87988,3552700.0,12775.080078999974,12730.509310333311,6.843465495270952,24.34018177855917,0
2020-09-24,12487.48047,12487.48047,12264.37988,12264.37988,4698500.0,12732.34306699997,12713.884310333311,3.906627939492065,11.28278580528552,0
2020-09-25,12312.94043,12385.80957,12149.80957,12232.91016,4286100.0,12688.039062999973,12695.132650333311,6.263976156315053,5.671356530359696,1
2020-09-28,12282.36035,12462.75977,12282.36035,12462.75977,3002400.0,12655.533008999973,12678.687630999975,19.82540557287871,9.998669889562283,3
2020-09-29,12488.09961,12571.33984,12429.71973,12467.73047,2887800.0,12617.741016999973,12665.207324999976,39.05557504903428,21.714985592743023,0
2020-09-30,12483.65039,12568.67969,12466.58008,12515.61035,2462100.0,12571.626074999973,12656.439681666641,64.53025169175879,41.13707743789093,1
2020-10-05,12567.87988,12637.62012,12519.12012,12548.28027,2876800.0,12539.180078999972,12662.627702333306,75.385098588382,59.65697510972536,4
2020-10-06,12644.08984,12706.38965,12644.08984,12704.23047,3064800.0,12522.041113999972,12665.840723333307,89.31852731955166,76.41129253323115,3
2020-10-07,12667.50977,12774.36035,12619.80957,12746.37012,2873000.0,12517.166113999972,12669.148731333307,91.01825603056447,85.24062731283306,2
2020-10-08,12832.54004,12887.19043,12818.00977,12887.19043,3427200.0,12541.334179999973,12673.44674566664,97.12307479678415,92.48661938230043,1
2020-10-12,12959.15039,12997.79004,12898.88965,12955.91016,3714400.0,12578.537207999972,12677.534082999973,94.37640356076305,94.1725781293709,5
2020-10-13,12988.44043,12994.66016,12857.09961,12947.12988,3354400.0,12646.812207999974,12682.528093333309,92.61597656770256,94.70515164175026,1
2020-10-14,12927.08984,12960.0,12895.79004,12919.30957,3672900.0,12715.452148999973,12688.876758666644,85.69494261410523,90.89577424752396,0
2020-10-15,12892.29004,12909.11035,12786.25977,12827.82031,3580300.0,12751.958202999973,12696.755762333309,61.82720282690148,80.04604066957009,1
2020-10-16,12814.16016,12896.29981,12750.37012,12750.37012,3718400.0,12780.222167999973,12698.325423999973,32.961486563836296,60.16121066828134,4
2020-10-19,12803.32031,12911.41016,12803.32031,12908.33984,2971300.0,12819.495116999973,12705.286751999976,28.104127914935532,40.96427243522477,5
2020-10-20,12889.99023,12917.75,12862.37012,12862.37012,2623800.0,12850.904101999973,12708.766764999973,39.36410673967573,33.47657373948285,4
2020-10-21,12889.87988,12942.12012,12846.41992,12877.25,3419400.0,12868.206054999973,12716.743424999973,61.420583054321604,42.96293923631129,0
2020-10-22,12854.96973,12917.03027,12827.40039,12917.03027,3683000.0,12885.272069999974,12727.26442099997,68.83741981153531,56.540703201844536,4
2020-10-23,12945.12012,12963.25977,12875.23047,12898.82031,3531700.0,12886.435057999974,12735.106445666635,70.9316180714831,67.06320697911367,0
2020-10-26,12923.54981,12971.58008,12894.17969,12909.03027,4288700.0,12881.747068999974,12745.12145199997,67.74739762033667,69.17214516778536,2
2020-10-27,12867.76953,12884.32031,12821.07031,12875.00977,3583700.0,12874.535057999974,12751.230110999973,50.72156889029886,63.133528194039876,0
2020-10-28,12853.75977,12879.98047,12761.33008,12793.75,3657900.0,12861.979100999974,12755.15677099997,35.958104740416616,51.47569041701772,0
2020-10-29,12687.63965,12699.82031,12583.37012,12662.91016,3741600.0,12845.488085999974,12750.993099333304,23.9154898955728,36.865054508763095,3
2020-10-30,12651.34961,12656.29004,12546.33984,12546.33984,3918600.0,12825.085057999973,12741.016080999969,11.969541137561672,23.94771192451736,1
2020-11-02,12565.32031,12594.33984,12480.66016,12591.30957,2950900.0,12793.382030999974,12728.167740999968,15.966816602291127,17.283949211808864,9
2020-11-03,12641.28027,12760.13965,12641.28027,12736.00977,2946900.0,12780.745995999972,12723.610058999968,30.452529332275738,19.462962357376508,4
2020-11-04,12766.86035,12885.28027,12736.01953,12867.90039,3335500.0,12779.811034999973,12723.352734666636,62.35407685216213,36.25780759557666,1
2020-11-05,12878.00977,12918.79981,12840.40039,12918.79981,2946300.0,12779.987988999974,12727.475390999969,86.55023460185991,59.78561359543292,1
2020-11-06,12952.49023,12999.16016,12927.29981,12973.53027,3215100.0,12787.458984999974,12738.409407666635,96.92051955460195,81.94161033620833,4
2020-11-09,13053.98047,13149.90039,13048.66992,13127.46973,3696600.0,12809.302930999973,12756.529069333303,96.88227176680891,93.45100864109058,5
2020-11-10,13090.65039,13142.21973,13022.91992,13081.71973,4774300.0,12829.973926999974,12783.773730999968,91.39110537977972,95.0646322337305,2
2020-11-11,13067.04004,13262.19043,13067.04004,13262.19043,5109800.0,12876.817969999973,12818.083073333304,93.03880001173077,93.77072571944012,4
2020-11-12,13324.86035,13324.86035,13193.74023,13221.78027,3935700.0,12932.704980999973,12843.383756666635,85.86611804903016,90.0986744801805,5
2020-11-13,13221.79981,13273.33008,13170.12012,13273.33008,3526400.0,13005.404004999973,12870.237076999969,85.66849454241473,88.19113753439218,8
2020-11-16,13356.74023,13551.830080000002,13356.74023,13551.830080000002,3858000.0,13101.456055999974,12904.777734666635,85.66849454241473,85.7343690446202,6
2020-11-17,13723.76953,13780.12012,13593.00977,13593.00977,4123400.0,13187.156055999973,12939.6020513333,85.56463052630777,85.63387320371272,2
2020-11-18,13628.419919999998,13773.29004,13608.71973,13773.29004,4140300.0,13277.695020999972,12975.237370333303,90.88019200465179,87.37110569112507,2
2020-11-19,13775.25977,13785.919919999998,13700.04004,13722.42969,3973800.0,13358.058008999973,13007.772689333304,87.44345655913862,87.96275969669969,2
2020-11-20,13702.58984,13726.21973,13666.07031,13716.44043,3869400.0,13432.34902499997,13035.41435599997,90.79373465064201,89.70579440481113,2
2020-11-23,13793.54981,13921.16016,13793.54981,13878.00977,4442800.0,13507.40302899997,13066.151009666635,86.78377055066517,88.34032058681557,7
2020-11-24,13918.83984,13951.169919999998,13798.32031,13807.12988,5153400.0,13579.94404399997,13094.817676333303,76.1999716035222,84.59249226827677,0
2020-11-25,13860.9502,13893.2002,13731.80957,13738.830080000002,5163800.0,13627.60800899997,13122.135026666636,56.76988112798554,73.25120776072461,5
2020-11-26,13763.79004,13856.75977,13763.79004,13845.66016,4596800.0,13689.995997999971,13156.063021666638,48.81706238039248,60.595638370633715,2
2020-11-27,13833.20996,13885.00977,13811.80957,13867.08984,4863800.0,13749.371973999969,13193.287012333309,50.061042882004614,51.88266213012785,14
2020-11-30,13917.65039,13969.38965,13722.88965,13722.88965,7445200.0,13766.477930999969,13220.43867266664,41.55410151275212,46.81073559171671,36
